industry,raw_total,sdt_total,kept_pct,drop_pct
automotive,1663,1139,68.49067949488875,31.509320505111248
energy,2939,1669,56.78802313712147,43.21197686287853
mining,5814,4003,68.85104919160648,31.148950808393522
semiconductor,1655,1211,73.17220543806646,26.827794561933544
water,1682,727,43.22235434007135,56.77764565992865
