industry,raw_total,sdt_total,kept_pct,drop_pct
automotive,5612,3722,66.32216678545973,33.67783321454027
energy,9787,5704,58.28139368550117,41.71860631449883
mining,19572,13523,69.09360310647864,30.90639689352136
semiconductor,5573,4095,73.47927507626054,26.520724923739465
water,5609,2349,41.879122838295594,58.120877161704406
