industry,raw_total,sdt_total,kept_pct,drop_pct
automotive,1656,1093,66.00241545893721,33.99758454106279
energy,2933,1659,56.56324582338902,43.43675417661098
mining,5895,4127,70.00848176420695,29.991518235793052
semiconductor,1682,1214,72.17598097502973,27.82401902497027
water,1656,699,42.210144927536234,57.789855072463766
